Resistance,Inductance,Bandwidth
58.58522036,3.76E-09,15572785882
74.61080955,1.03E-08,7229230723
110.6522654,5.18E-09,21378766906
62.59966077,5.41E-09,11562774028
72.98227211,1.01E-08,7255042463
104.8528209,3.90E-09,26872753891
79.95640261,7.24E-09,11048884848
67.68880419,9.35E-09,7242983419
93.43922364,5.31E-09,17603724099
76.78713657,4.20E-09,18297157436
121.6494546,1.02E-08,11898799654
86.49215159,8.04E-09,10761705780
192.1236995,7.85E-09,24475006114
78.17351668,5.79E-09,13508542637
127.9474943,9.12E-09,14021843316
85.02061295,2.97E-09,28649877113
105.3050456,3.42E-09,30770123328
87.52187465,5.90E-09,14830573358
72.38504387,4.64E-09,15614582142
250.805441,4.33E-09,57975697569
105.8271949,1.05E-08,10082290408
73.13653675,5.59E-09,13086921572
47.88839575,8.81E-09,5437336471
81.10465925,1.45E-09,55995702203
62.75494404,6.77E-09,9264647704
86.59860283,2.52E-09,34340928066
61.81228688,5.17E-09,11956471986
94.96837978,5.50E-09,17277393227
65.92068785,5.04E-09,13071616058
101.0598661,4.76E-09,21242308026
49.11265927,3.26E-09,15075731024
51.46544303,4.05E-09,12701850015
85.56546881,8.07E-09,10606475757
55.48767151,5.62E-09,9877286155
68.22626981,1.43E-09,47858699064
67.48808539,7.27E-09,9285327726
155.959295,6.25E-09,24946897807
126.7718282,2.12E-09,59825152913
72.80287939,2.04E-09,35660902634
88.27282074,3.17E-09,27846365330
69.58264262,6.07E-09,11459335193
67.49966949,3.29E-09,20526512998
133.5908436,1.50E-09,89108919503
93.873533,5.91E-09,15897123269
57.75518989,1.27E-09,45378893416
73.24464017,2.91E-09,25162553704
51.28441295,8.41E-09,6095368881
63.6287506,8.40E-09,7573117921
89.61221395,6.46E-09,13880453469
82.08235071,5.28E-09,15541948942
71.99859637,6.61E-09,10888385167
163.8897841,1.35E-09,1.21483E+11
38.06965576,9.43E-09,4034949077
92.10531145,7.31E-09,12591563553
61.40065847,2.12E-09,28933193303
91.32109958,1.01E-08,9036918858
68.28694181,5.69E-09,12004789899
91.76225505,5.53E-09,16592292257
96.87390429,5.89E-09,16444839125
74.19174618,8.24E-09,9006587596
72.37343141,5.86E-09,12345980354
84.37437685,8.47E-09,9958361204
71.87671194,1.98E-09,36283596678
85.07343189,5.96E-09,14280500514
100.6286597,3.60E-09,27928868846
57.43133861,2.87E-09,20000485880
74.91982672,5.40E-09,13866130356
83.52420885,4.20E-09,19886792073
87.93932277,3.01E-09,29196732203
72.62444516,5.25E-09,13825862579
105.7158132,8.98E-09,11771067247
74.82936817,7.41E-09,10094667094
53.64124184,5.52E-09,9712104836
91.77205272,3.79E-09,24235713129
83.23349306,2.21E-09,37720276945
100.2449329,3.28E-09,30574756913
68.93097885,4.10E-09,16806610131
53.67681017,1.71E-09,31343906250
86.6870045,9.33E-09,9286592036
80.33709353,3.13E-09,25706051697
73.10146659,4.46E-09,16406765985
72.47369401,2.16E-09,33572253881
110.7816209,1.02E-08,10900954969
67.13598837,6.70E-09,10023896743
58.21208521,3.62E-09,16083717293
86.91126374,1.79E-09,48671387623
74.33954169,5.49E-09,13545052308
64.26088699,7.99E-09,8040211148
63.45817814,3.81E-09,16640680804
51.98930519,9.64E-09,5393351959
79.63390237,7.11E-09,11207219236
69.05852052,2.91E-09,23727952057
64.29630515,3.54E-09,18158669150
69.32238458,8.91E-09,7780838574
66.46340533,2.66E-09,25029393126
60.11214531,4.39E-09,13706955474
82.64229173,5.70E-09,14488776042
126.3158587,5.91E-09,21360041353
132.5549772,2.89E-09,45803712761
110.1599797,3.30E-09,33366973259
112.3322445,1.08E-08,10394364573
61.93733859,4.61E-09,13448325791
87.40020177,1.09E-09,79986896145
108.3923445,1.61E-09,67253025383
84.96315279,8.04E-09,10572497668
69.34495146,5.47E-09,12666184025
77.70351651,3.76E-09,20686042181
70.56794167,2.56E-09,27609935178
69.89297064,5.05E-09,13845931041
137.0384591,6.46E-09,21221343441
100.3496755,1.10E-08,9092572288
63.8905078,8.05E-09,7937851244
75.86756356,1.86E-09,40859536563
93.31936643,2.78E-09,33571224348
89.71267002,5.90E-09,15192962983
58.78588876,5.50E-09,10691018094
70.04778247,1.35E-09,52025508867
90.79565132,1.09E-08,8354852610
111.1155502,8.17E-09,13600762911
80.20362312,9.18E-09,8738402555
117.7081935,2.77E-09,42452189169
93.15917101,3.76E-09,24800544851
93.42004102,3.46E-09,27009435002
56.55216135,6.54E-09,8643637703
59.48470976,1.42E-09,41966687333
57.12907245,8.09E-09,7061718314
80.36133729,8.59E-09,9351658297
45.83642319,2.06E-09,22281172178
112.5378449,9.54E-09,11801281021
80.22284302,6.58E-09,12196264784
78.66454323,8.60E-09,9149468902
77.89009967,8.16E-09,9544927744
73.72255364,7.34E-09,10050363610
82.23202972,4.25E-09,19348738358
81.06552346,3.13E-09,25939983355
141.4562422,3.91E-09,36155809591
68.1898575,5.68E-09,11995818527
97.57160364,5.37E-09,18165098551
57.30982134,1.10E-09,52057901017
75.49068588,1.72E-09,43922714117
79.7935417,1.00E-09,79670372011
49.20471345,8.37E-09,5879220950
101.7839974,2.95E-09,34450655708
83.86150954,5.51E-09,15228743101
88.45040944,2.17E-09,40824463018
100.8267607,6.31E-09,15986140933
90.60886204,4.91E-09,18450036512
75.71739525,1.93E-09,39272588084
60.26670339,7.18E-09,8393961023
72.18613298,9.00E-09,8020667028
73.65050434,5.95E-09,12378209769
93.95603854,6.34E-09,14812493027
64.1512049,3.22E-09,19917428909
112.9971251,2.76E-09,40969666017
108.5095609,4.54E-09,23906673856
62.74925635,6.64E-09,9453393345
78.27485077,7.85E-09,9974554722
59.79920302,2.04E-09,29288154170
84.91316136,8.22E-09,10328897948
66.55282513,3.23E-09,20615826246
42.5023979,3.97E-09,10710766195
109.4355781,2.22E-09,49395196366
52.93737561,4.83E-09,10953149897
113.5293646,4.48E-09,25348103328
73.91520664,5.37E-09,13753986228
78.22916915,1.19E-09,65952372171
104.7236048,6.22E-09,16844428339
65.96503569,6.54E-09,10090913005
96.61067715,2.97E-09,32476551280
79.17285549,7.12E-09,11113178288
47.54476242,3.33E-09,14269732276
47.59175739,1.64E-09,29099174096
68.42877561,4.65E-09,14725033610
80.71115953,1.26E-09,64063731282
47.14810594,7.15E-09,6592263865
83.46000184,3.63E-09,23021606484
52.25974762,1.42E-09,36731435469
90.83294961,3.03E-09,29954041403
112.5576118,2.05E-09,54975098363
73.07994577,4.16E-09,17550135338
82.50742758,5.31E-09,15533149210
66.61467744,4.47E-09,14903331982
54.44203132,5.23E-09,10415706886
56.28618005,7.94E-09,7091922005
56.40769457,5.41E-09,10417909309
63.98494034,7.92E-09,8074588105
69.00209124,6.13E-09,11251267288
101.9204697,5.78E-09,17647243211
73.81317672,6.02E-09,12259700275
66.45403816,5.59E-09,11898067575
57.01484236,8.46E-09,6739612229
83.87802532,8.41E-09,9978485959
112.7984945,7.26E-09,15533018752
89.23137299,8.89E-09,10038355192
71.37306447,5.89E-09,12122897590
63.24575384,3.89E-09,16265979564
57.10420155,8.77E-09,6508257361
53.38917762,9.15E-09,5837983738
101.5033403,4.36E-09,23259133530
96.02943022,3.45E-09,27826704144
48.63710212,1.20E-09,40571908219
95.51984601,1.00E-08,9512349338
73.73313583,2.66E-09,27731010958
65.89414557,5.13E-09,12844554242
87.75588022,2.77E-09,31693124953
125.7122634,7.32E-09,17176065770
62.45748949,2.61E-09,23926720791
73.12309263,1.00E-08,7277878069
83.3761794,4.22E-09,19779678632
112.0248882,3.26E-09,34401266524
91.08803083,5.21E-09,17488850700
96.59394254,5.73E-09,16866323922
108.3227818,6.71E-09,16137428010
92.79737931,4.90E-09,18939431236
86.13209842,3.60E-09,23935475478
74.52196548,9.73E-09,7656083429
114.1729742,1.43E-09,80050518081
83.30428855,9.15E-09,9105016423
99.63711205,5.23E-09,19050708777
74.69452376,9.03E-09,8271759310
68.56732915,6.17E-09,11112053975
91.39386135,2.80E-09,32657842194
84.60261004,9.19E-09,9204415640
61.91051333,1.07E-08,5776439470
127.2284742,1.05E-08,12126000623
54.34853577,6.94E-09,7834040035
119.1223269,6.61E-09,18016163895
175.0117386,4.79E-09,36504942152
70.0860047,5.58E-09,12557792179
77.10242928,9.13E-09,8446994921
51.37793115,5.18E-09,9921236699
72.22883544,2.72E-09,26521306246
75.97738801,6.06E-09,12530790811
70.91876108,1.06E-08,6672209884
121.4531319,5.51E-09,22041015784
96.26811458,2.79E-09,34565602197
53.20542129,4.77E-09,11151757654
71.89084607,1.06E-08,6773623729
66.2797885,3.54E-09,18714366575
59.25612523,6.67E-09,8885605622
66.53218647,3.13E-09,21276639910
61.94830451,8.81E-09,7028250761
182.4293076,2.42E-09,75485531375
46.4334572,3.47E-09,13395413715
55.87378893,8.05E-09,6940838430
74.74484957,7.96E-09,9390469514
158.8645921,1.47E-09,1.07874E+11
110.7536314,1.37E-09,80570587807
76.26599471,5.50E-09,13867152437
64.06078716,8.75E-09,7319824879
53.5194654,3.05E-09,17555074790
62.89234269,3.65E-09,17231706221
77.967196,8.64E-09,9020157816
87.89262208,3.93E-09,22383208705
62.61037743,6.24E-09,10036365442
58.54840714,6.05E-09,9678193663
79.76481289,6.77E-09,11780808575
104.7076151,7.50E-09,13953614966
83.36112998,6.57E-09,12679346305
44.34001663,2.20E-09,20138608210
83.45348059,7.78E-09,10731046511
72.48949938,3.18E-09,22800314820
115.305838,7.06E-09,16332479122
87.69676637,6.86E-09,12792011192
92.94874374,3.69E-09,25199773832
95.183957,8.78E-09,10836481545
52.02921502,5.69E-09,9139893801
79.02321791,2.96E-09,26735833962
82.39248006,8.14E-09,10127488168
63.43492786,5.40E-09,11746042336
69.10596368,3.21E-09,21499805355
70.48150597,3.18E-09,22192191626
68.36910293,1.29E-09,52922078772
59.32896461,5.00E-09,11867180666
73.13935625,6.17E-09,11861958480
46.4336491,6.10E-09,7618147153
68.08508264,1.39E-09,49113470629
173.113061,5.86E-09,29524942250
97.5419618,8.27E-09,11794140286
72.9472543,6.72E-09,10856636553
130.3159348,2.83E-09,45978838504
88.49043301,2.78E-09,31877025734
115.5975137,4.12E-09,28089829606
53.76866248,7.24E-09,7425647230
52.76825643,1.27E-09,41711049650
87.59577837,4.50E-09,19471400303
69.26895527,9.64E-09,7187806573
59.50516036,1.09E-08,5479097535
72.80157849,7.59E-09,9590207096
152.7667936,9.92E-09,15396137986
73.66143211,6.08E-09,12114659947
54.93059809,3.85E-09,14284214893
53.23733876,8.78E-09,6065627599
65.9143511,9.07E-09,7270575233
36.71791635,3.17E-09,11600404315
116.9399767,4.74E-09,24671486213
116.5652067,1.06E-08,10985751686
52.57218979,9.23E-09,5693221286
91.64565834,3.92E-09,23374497761
58.75430251,7.90E-09,7436617320
132.9083084,5.30E-09,25074706760
74.11779607,7.87E-09,9413044911
71.75755024,9.77E-09,7343220248
110.3969351,5.22E-09,21133202585
76.2493041,6.25E-09,12198703123
94.81348956,1.30E-09,73100562910
70.41199425,1.06E-09,66458029290
142.6325065,6.34E-09,22502260218
61.99789358,2.41E-09,25686808857
71.56391114,7.72E-09,9265375807
101.192199,1.46E-09,69252783653
124.7989043,3.99E-09,31297110844
104.2504291,9.19E-09,11349382063
67.28464758,5.25E-09,12824277163
67.00252297,2.25E-09,29839491169
98.69314784,3.40E-09,29013635685
74.71078838,9.40E-09,7951739661
97.54828327,8.95E-09,10898906049
77.18310076,1.24E-09,62378376944
43.6956324,7.97E-09,5485638221
78.18749057,3.40E-09,23023665679
92.31285893,5.75E-09,16042703650
95.74720466,6.33E-09,15114145141
79.15823073,1.48E-09,53503067098
118.8247093,7.31E-09,16264315704
31.41775881,6.71E-09,4679935786
85.627452,1.19E-09,72092265888
137.1056732,1.49E-09,91760341733
95.78830812,9.97E-09,9606517961
74.99269024,4.26E-09,17584359106
105.3882167,7.83E-09,13451675339
57.92657996,7.87E-09,7358479668
161.8542173,1.92E-09,84345274187
63.673852,1.01E-08,6312113598
64.42473035,5.78E-09,11145749198
74.80205999,6.46E-09,11577158103
120.8620632,6.62E-09,18269377514
85.01166036,1.00E-08,8488924061
113.0586229,2.17E-09,52109216945
78.99744568,8.50E-09,9289543559
105.0938641,7.39E-09,14214979323
48.81702458,8.84E-09,5524656882
118.9000262,8.46E-09,14057703194
105.8287311,9.30E-09,11375661045
95.69903976,9.64E-09,9927121165
177.9675782,2.99E-09,59452762925
87.8040372,8.26E-09,10631577945
93.50062848,7.69E-09,12152128307
96.35084026,5.09E-09,18935393222
40.67108464,8.57E-09,4748500580
124.3184153,7.89E-09,15763723494
58.73390312,6.41E-09,9163378973
101.0724268,1.86E-09,54308316754
82.80034046,1.25E-09,66021074841
61.66992526,7.07E-09,8721997595
33.40945656,2.69E-09,12422081278
87.89022091,7.77E-09,11317646680
88.73453638,7.93E-09,11189193619
63.19241672,7.90E-09,7997003064
50.56791499,8.98E-09,5632159089
55.20039103,9.29E-09,5939648773
72.26570741,3.95E-09,18308805281
68.85785385,6.78E-09,10162104313
60.8899272,6.15E-09,9904357438
63.88767471,3.33E-09,19197460675
65.63002083,8.56E-09,7670780196
76.51208565,4.86E-09,15739814428
106.7573364,6.61E-09,16141335976
69.62769112,1.37E-09,50829200070
84.09863867,6.18E-09,13610058617
171.265317,3.19E-09,53691821984
76.86918969,2.98E-09,25826757607
77.66602964,1.07E-08,7247005097
75.97612431,6.90E-09,11006423612
67.82563851,4.11E-09,16495118578
91.90343876,1.89E-09,48612531842
80.20009041,3.40E-09,23597884160
72.04248406,5.08E-09,14187251962
60.65309137,4.33E-09,14002463399
71.57263082,4.46E-09,16044256196
64.32602841,9.41E-09,6834960586
68.39981289,4.62E-09,14789863772
68.70772761,3.60E-09,19061107241
65.65031405,2.74E-09,23949886624
73.29378893,8.23E-09,8905272955
73.90447793,6.30E-09,11723623445
103.0958408,3.93E-09,26220621662
90.04769362,8.84E-09,10183333993
60.5008504,9.99E-09,6053737762
60.59142161,9.55E-09,6346282780
56.78143381,5.81E-09,9771452253
104.0800979,3.92E-09,26543147345
134.9233279,8.48E-09,15919202780
124.0819342,1.85E-09,67078677181
31.76255978,7.22E-09,4399185471
123.0334456,7.97E-09,15443814180
65.69672074,9.98E-09,6580191801
104.405531,1.31E-09,79738650503
69.24783491,1.55E-09,44544943277
62.56867402,1.12E-08,5592858311
75.28556739,7.11E-09,10586660832
74.78914379,8.64E-09,8654648259
57.61083341,3.13E-09,18378302738
42.6925599,7.91E-09,5399906787
92.73828427,1.56E-09,59343256151
65.2677082,4.27E-09,15275730260
97.7092569,7.19E-09,13580439034
110.1162993,1.46E-09,75463163823
145.9876481,4.66E-09,31323441648
67.65621922,4.70E-09,14384236713
63.72293392,9.26E-09,6884099011
74.86587718,6.25E-09,11971225467
88.48119391,1.07E-09,82601859408
51.96134178,9.65E-09,5385267205
89.55716724,4.00E-09,22410314143
86.59661902,5.71E-09,15163562673
82.25374251,2.64E-09,31215731304
67.14737016,6.54E-09,10262553288
101.0402688,6.01E-09,16804604805
92.07341611,6.29E-09,14632472046
73.70077883,2.01E-09,36625275892
76.65604864,7.94E-09,9652524659
66.05130834,1.48E-09,44549875511
66.14563072,6.96E-09,9506057598
57.28147315,9.82E-09,5831124017
62.2434909,2.59E-09,24000190966
77.81769077,7.14E-09,10897418055
100.0693183,1.84E-09,54470690566
83.9849539,9.43E-10,89097728255
64.08315586,2.22E-09,28902870861
223.8558728,9.00E-09,24862965309
77.10794884,6.93E-09,11129674778
87.69149016,3.76E-09,23329719546
71.82549855,2.51E-09,28614297139
63.11440917,3.53E-09,17879695409
87.76521275,8.27E-09,10613629313
54.09422262,9.73E-09,5559224507
84.13649832,1.27E-09,66122882602
72.6085366,1.06E-08,6881644907
144.4927871,6.39E-09,22599638651
56.88310334,1.33E-09,42615198987
105.0295967,6.19E-09,16974260344
70.14365361,6.23E-09,11263689632
85.38520881,9.57E-09,8918384873
81.61250848,3.37E-09,24248717657
81.48375878,3.00E-09,27201227755
63.36297116,3.66E-09,17296837226
50.47360055,7.83E-09,6443182743
87.47258644,2.72E-09,32201078899
79.89573447,1.33E-09,60041814329
83.82595951,7.77E-09,10786762045
80.06528903,3.53E-09,22691953710
93.05556182,9.33E-09,9976848627
131.6554802,9.36E-09,14064033151
105.7518804,2.81E-09,37674744049
95.61240956,7.52E-09,12708532250
91.85968702,9.18E-09,10008178852
51.04163499,2.58E-09,19772854519
53.91671068,7.34E-09,7348556540
78.71588722,2.17E-09,36275637860
82.10798265,4.45E-09,18436968674
107.4801581,2.48E-09,43412692800
69.694605,3.60E-09,19339037486
76.61163988,7.24E-09,10584814844
95.48949699,8.74E-09,10928591604
41.74940643,9.22E-09,4529885091
156.9935842,6.21E-09,25284402994
83.14481722,8.66E-09,9602207098
84.0262256,7.97E-09,10539431540
88.0758947,1.37E-09,64254155887
64.58313208,4.77E-09,13528922504
64.74601393,3.04E-09,21314551769
86.31852177,3.63E-09,23792773256
62.05602627,5.26E-09,11796119115
45.65847221,5.17E-09,8832093379
103.4477068,5.98E-09,17296375766
90.67409553,6.63E-09,13669484283
99.19461515,8.51E-09,11658542169
105.0851361,3.42E-09,30723577490
83.30396011,5.47E-09,15223969984
110.1330646,3.16E-09,34860696321
93.40773155,2.69E-09,34773561916
99.82586982,5.56E-09,17941277605
82.51080905,5.33E-09,15494202551
58.35092226,4.91E-09,11879516609
78.07229798,3.78E-09,20642437488
43.97294056,3.98E-09,11059236280
111.2624623,3.37E-09,32986039927
65.20726535,1.18E-08,5523606198
114.6654353,1.00E-09,1.14399E+11
172.7866866,5.26E-09,32876203020
45.40595003,6.36E-09,7144590685
52.51218136,9.77E-09,5374986098
111.6001447,7.60E-09,14675065915
69.61193138,8.10E-09,8596785601
83.95228429,8.06E-09,10418440273
119.446863,5.46E-09,21894547517
28.51452644,8.33E-09,3422832121
62.71358085,8.37E-09,7491317275
122.7089033,4.06E-09,30219801349
142.3275144,9.24E-09,15396525499
77.90593272,9.54E-09,8167110286
46.56488372,8.90E-09,5232619579
112.5997871,9.97E-09,11288646938
164.9608948,2.00E-09,82555798214
107.5515842,8.11E-09,13254858710
79.73839693,1.50E-09,53114248965
73.41778552,5.63E-09,13039486964
80.92761354,5.98E-09,13543838723
143.4732705,1.26E-09,1.13755E+11
85.47940846,5.94E-09,14398889569
79.25781783,9.58E-09,8270883705
137.567644,6.19E-09,22230585377
84.82667623,9.07E-09,9351357928
123.5076564,7.01E-09,17609512137
62.42412503,5.07E-09,12309007192
103.6369745,7.65E-09,13539277376
58.10832898,9.10E-09,6386030686
89.29809132,2.93E-09,30459956635
82.04104472,5.19E-09,15808367285
84.39866034,9.01E-09,9371740785
95.66356921,2.88E-09,33188296563
50.24478006,8.54E-09,5882929368
63.13347383,7.56E-09,8345620793
81.25958212,7.38E-09,11005810644
80.18373901,7.93E-09,10109876067
45.33500082,4.84E-09,9370009345
88.69749231,3.85E-09,23053191466
57.13538132,5.52E-09,10344751782
115.8867083,2.37E-09,48915262548
95.78133906,8.74E-09,10955733400
52.73542123,9.62E-10,54837089938
115.8579534,4.11E-09,28174200301
145.9117245,1.55E-09,94434682507
124.6955158,6.48E-09,19248002283
142.5581381,3.18E-09,44857916088
70.71871278,8.61E-09,8212244131
76.36575235,2.45E-09,31159988149
75.81882497,8.53E-09,8885272866
72.52755818,6.83E-09,10614053835
58.96850581,9.86E-09,5981860546
99.36975902,3.00E-09,33072074099
59.28951862,4.73E-09,12524141569
104.8798737,3.94E-09,26597955443
80.72080818,5.48E-09,14719926458
112.3964617,2.77E-09,40619770255
87.37781395,1.15E-09,76034403106
95.85339877,3.69E-09,25978406979
113.6592713,4.10E-09,27712291305
90.29132355,2.77E-09,32569713978
99.35086969,1.03E-09,96701828462
100.8633174,1.02E-08,9851029357
48.80477219,9.02E-09,5410429540
42.04338095,1.60E-09,26304970182
53.4445931,3.80E-09,14049343390
58.27590557,5.52E-09,10552340428
84.29013505,1.94E-09,43354461028
77.59197059,7.01E-09,11062867082
89.12095277,1.46E-09,61082810535
74.63102146,8.31E-09,8979989192
84.9282312,8.96E-09,9479343949
103.6173104,3.03E-09,34231925386
70.28943084,3.50E-09,20060082729
74.77493114,5.93E-09,12620042693
119.5045509,4.17E-09,28648967019
55.90964528,1.84E-09,30304501923
96.07225766,4.70E-09,20426992298
60.94251861,7.51E-09,8117889851
85.50912615,1.45E-09,58820978082
64.92773761,8.74E-09,7432877145
100.2502115,7.73E-09,12976903697
121.9645309,6.88E-09,17728756395
88.05611989,7.24E-09,12166332348
56.21751772,6.30E-09,8920842055
127.8087738,7.53E-09,16965866440
108.6312935,1.14E-08,9507383913
63.89350804,3.63E-09,17583206834
65.18021672,1.38E-09,47244484485
66.10049993,8.58E-09,7701207706
79.28511903,7.20E-09,11014357045
81.9363482,2.55E-09,32093910889
98.45585963,1.82E-09,54066138964
74.78790618,7.02E-09,10660165384
84.1704485,5.63E-09,14950359821
93.77341994,8.73E-09,10743354945
109.8087475,8.50E-09,12913897955
71.96448679,3.33E-09,21614558609
62.65537247,8.29E-09,7557586271
68.80928254,5.90E-09,11659390745
96.65690572,5.23E-09,18495832282
78.08224707,3.10E-09,25168925567
85.85199344,6.86E-09,12518731046
74.33526378,4.42E-09,16819180588
62.00170197,2.76E-09,22475173765
93.55752429,3.20E-09,29235631025
186.6261214,1.42E-09,1.31186E+11
94.93654877,8.87E-09,10700509823
147.8792772,6.43E-09,22985275213
70.82237001,1.14E-09,62116106359
110.6684333,9.40E-09,11774764575
131.8729319,7.94E-09,16613057512
86.11243185,5.40E-09,15933819702
65.72766538,2.59E-09,25414228283
79.1353405,2.62E-09,30220396116
125.5285857,8.96E-09,14002349308
86.47787163,9.37E-09,9225257197
105.9723634,3.47E-09,30555588118
56.07477299,3.92E-09,14307681756
150.1121382,6.03E-09,24887341284
73.65745705,8.04E-09,9162747371
48.58843055,9.56E-09,5083177516
43.14503265,3.14E-09,13746216829
93.75479225,6.12E-09,15310681748
146.0409678,5.36E-09,27251721599
121.8205212,1.05E-08,11567823304
52.89809041,7.38E-09,7168923482
95.61413227,5.78E-09,16547675364
60.95726267,6.91E-09,8820883829
105.6882999,9.10E-09,11619819878
81.48993329,1.53E-09,53141210155
68.0694261,4.52E-09,15069470998
76.38514724,1.08E-08,7066127060
39.52124995,4.48E-09,8818714298
94.66076726,8.14E-09,11623716420
105.2587493,7.38E-09,14265692908
94.08112419,2.47E-09,38162218101
77.60471128,3.49E-09,22254196133
79.33839334,2.14E-09,37093938827
86.50225763,6.41E-09,13503929893
71.86816134,4.70E-09,15286400084
54.03511712,2.50E-09,21612391305
58.57174229,8.16E-09,7178777438
74.30018799,4.23E-09,17584113379
80.73071536,9.16E-09,8813294594
62.91540194,1.84E-09,34135812142
81.51925859,6.57E-09,12413042961
104.6941617,4.48E-09,23362145389
81.3661631,7.67E-09,10609529334
149.1563244,5.87E-09,25395170308
51.94211728,1.00E-08,5178861068
86.25473893,5.49E-09,15710193959
89.27657583,2.30E-09,38867185902
80.03916581,8.30E-09,9644605156
63.30265754,5.94E-09,10665954355
71.45808615,7.28E-09,9819899942
98.58197674,8.03E-09,12274351279
70.48254933,5.10E-09,13828372741
41.11788984,5.45E-09,7546790052
61.663088,2.37E-09,26072716112
58.00405368,5.43E-09,10685835177
122.6866957,3.99E-09,30746800218
103.8318615,5.25E-09,19762576274
117.1568599,4.01E-09,29192598172
75.47911702,6.12E-09,12327439343
50.12787839,8.93E-09,5612986896
103.5660938,1.79E-09,57722890686
82.65350499,7.20E-09,11484969552
69.18578564,3.12E-09,22189497585
48.77751501,6.54E-09,7455623534
49.85108985,1.30E-09,38282811822
76.1475307,2.60E-09,29275514907
92.72912642,1.42E-09,65446199493
57.52794332,5.93E-09,9704942336
106.3441735,7.72E-09,13775600577
77.50731968,1.03E-08,7514759997
96.53756493,2.82E-09,34220277781
94.78083446,9.15E-09,10357492192
76.33754821,2.56E-09,29864691155
85.23761624,3.99E-09,21387242090
107.5081254,8.49E-09,12669742803
74.80899924,8.32E-09,8995029389
65.49264535,3.87E-09,16940793155
79.46035953,1.58E-09,50369657638
123.0479671,1.49E-09,82469510350
58.93735308,1.13E-09,51990448896
85.62163813,4.48E-09,19120144592
49.29677436,4.28E-09,11521316960
103.1555322,3.91E-09,26379005607
62.93513513,5.45E-09,11549786911
74.12110045,4.73E-09,15674875190
70.6116462,6.36E-09,11101155965
59.44274882,1.04E-08,5701468900
82.69886562,9.41E-09,8792770794
183.6125696,9.21E-09,19944516834
90.5178626,5.72E-09,15818489614
77.27765393,7.36E-09,10499578796
109.7104361,4.67E-09,23514863391
49.18244814,2.14E-09,22992910665
105.7163452,1.47E-09,71903967347
60.82381103,1.86E-09,32774583231
62.29600377,9.25E-09,6737367125
67.15103204,2.31E-09,29099602509
91.83291165,1.01E-08,9052288127
64.98333461,6.28E-09,10346726744
90.56212856,3.78E-09,23952311414
107.1182142,2.75E-09,38887549287
92.98961359,3.04E-09,30629450611
111.5262223,3.36E-09,33144499854
70.78816516,7.28E-09,9728516396
82.79318042,9.07E-09,9131629080
61.31857126,5.96E-09,10285279771
40.66924007,2.46E-09,16523055597
100.5029076,6.13E-09,16391122612
74.34745465,5.25E-09,14166096643
112.44716,2.23E-09,50348433528
69.86082827,2.83E-09,24650188915
90.92740309,6.50E-09,13983189453
80.25913588,5.89E-09,13635933857
85.11633572,4.65E-09,18299243580
106.5713585,1.03E-08,10381785786
89.54073806,4.06E-09,22054394578
86.81870759,5.70E-09,15226523187
100.271324,2.55E-09,39285878996
96.73738548,2.24E-09,43143884408
71.07349992,6.17E-09,11525747216
120.2131434,9.03E-09,13306847685
113.4948978,3.36E-09,33775524940
79.04280123,3.63E-09,21792082775
67.67052538,1.98E-09,34256403181
67.10732195,5.49E-09,12215500722
127.1901447,2.60E-09,48989490400
92.54893839,3.48E-09,26579106001
70.56568379,5.49E-09,12854315303
116.0603448,4.61E-09,25197425136
79.89276048,2.83E-09,28275030579
93.67785227,2.93E-09,31963196058
93.94669547,6.79E-09,13845214653
92.88314361,1.19E-08,7836565549
67.31013853,9.11E-09,7391463508
81.882397,5.19E-09,15764340344
104.0738651,4.77E-09,21814259141
140.2048549,6.97E-09,20107458320
103.0811503,7.40E-09,13931381770
85.44037777,8.31E-09,10277974675
141.5391035,2.96E-09,47831892795
95.53484749,5.36E-09,17826715772
101.851856,2.79E-09,36445387133
85.4224121,8.00E-09,10674838975
162.4716931,5.81E-09,27970061050
109.8435717,1.39E-09,78750635208
130.8034945,1.34E-09,97699067862
99.31840384,1.70E-09,58472087115
92.78414559,3.26E-09,28451471859
77.1647641,3.53E-09,21876406357
100.7212933,9.89E-09,10180820870
85.30365418,7.30E-09,11689936184
80.33117724,8.68E-09,9257596748
117.8822854,7.89E-09,14950016253
75.97041122,7.90E-09,9622313363
117.4875526,8.12E-09,14474387660
61.97898103,6.15E-09,10076210562
83.92342327,6.50E-09,12920549716
65.33669101,1.68E-09,38827575722
59.47748821,5.49E-09,10838147960
51.32042502,7.90E-09,6492774763
114.5354377,8.68E-09,13189090838
66.18868294,3.60E-09,18361375883
69.2731498,2.12E-09,32614330911
101.2425006,2.43E-09,41592406832
62.84042987,7.78E-09,8074526793
98.62004896,1.18E-09,83345198052
73.50993999,4.13E-09,17820183082
80.29120349,7.48E-09,10733162030
73.80043653,2.51E-09,29390446797
86.33504557,7.53E-09,11464376369
50.43228988,1.72E-09,29298318155
44.96024882,7.49E-09,6000450332
46.49053778,9.48E-09,4905932695
67.92336177,6.27E-09,10835807415
84.90500552,4.29E-09,19768417506
50.38793297,3.70E-09,13608394239
55.88365916,9.98E-09,5599363982
56.83587186,1.47E-09,38606947821
133.5645733,1.20E-09,1.11248E+11
181.9450762,1.98E-09,91660379415
56.49930792,3.55E-09,15931331486
66.17865485,4.66E-09,14214075471
67.10137129,2.56E-09,26198187600
62.17529398,6.61E-09,9406675344
68.55220399,6.99E-09,9808447592
49.19717847,6.55E-09,7507672223
116.7270935,1.79E-09,65277746794
68.8332088,8.47E-09,8129127815
105.5312526,8.61E-09,12256054161
68.35039182,2.95E-09,23198084715
73.80281296,2.39E-09,30827242188
94.37116136,5.05E-09,18693764999
60.89340113,8.52E-09,7144538219
68.63269022,7.26E-09,9455616031
68.64888383,8.20E-09,8373468268
67.70376697,2.82E-09,24012884394
131.7063797,3.93E-09,33528780437
96.85031634,3.85E-09,25138224625
87.71864022,4.97E-09,17644091870
84.15676817,8.04E-09,10462293545
62.6563774,2.00E-09,31265006950
84.70059335,1.12E-09,75642962236
91.58667308,9.82E-10,93292084603
60.00009816,4.03E-09,14877568180
118.3948752,5.37E-09,22046406329
99.99328187,5.81E-09,17221331806
71.91361216,7.75E-09,9281049059
112.4589439,5.12E-09,21951337760
75.77278704,9.05E-09,8373872122
104.082474,1.60E-09,65005739453
105.3581694,3.43E-09,30700358603
90.67154494,8.39E-09,10804009687
90.07698335,1.04E-08,8639318899
69.1080493,3.82E-09,18095353717
78.14711623,2.92E-09,26789135599
68.15264979,1.08E-08,6298985450
101.8911855,2.67E-09,38187290528
71.01532279,1.20E-08,5918498736
124.5610628,5.60E-09,22260461064
55.81895893,6.52E-09,8556621685
81.71943748,7.14E-09,11445980505
53.57435735,2.51E-09,21368670416
112.5187043,7.82E-09,14380939871
87.713787,4.82E-09,18199147119
85.74653999,6.97E-09,12309004043
74.33974333,7.01E-09,10606826996
75.6848518,8.14E-09,9298978011
68.75164909,1.72E-09,39986676484
71.50476049,4.16E-09,17174144610
78.67162035,6.04E-09,13017118674
95.62761803,1.31E-09,72751959022
93.1191896,3.49E-09,26667031062
102.5534059,2.10E-09,48932295827
53.06334979,1.06E-08,5007042406
113.8948486,3.42E-09,33339241419
69.46502936,8.49E-09,8177470220
79.87865027,1.18E-09,67935609634
50.48833421,8.35E-09,6042910087
80.42778651,1.71E-09,47030680643
73.05075736,3.06E-09,23905810756
54.85764641,2.49E-09,22047732905
55.25618314,2.12E-09,26100724259
41.41411834,6.92E-09,5988196793
77.76662981,2.25E-09,34635083910
72.55172207,1.70E-09,42666363573
80.72741511,6.27E-09,12868781305
178.2718598,5.30E-09,33631643543
83.34466733,4.73E-09,17608336543
83.90458461,8.78E-09,9552757047
82.76447419,4.87E-09,17002982995
88.00071029,3.95E-09,22253619987
58.61350258,3.10E-09,18888759329
97.2984749,2.48E-09,39290669243
98.41542415,3.46E-09,28446501628
132.8456403,1.02E-08,13048546083
73.84216002,1.61E-09,45828427085
101.4844688,9.18E-09,11053786718
77.23010644,4.94E-09,15646641906
66.41086886,2.95E-09,22521767103
68.70020911,8.56E-09,8026660681
69.58898186,7.49E-09,9295753067
106.2040095,7.81E-09,13600595746
66.29336569,7.64E-09,8677607013
72.31214041,4.67E-09,15470887102
120.0381796,7.11E-09,16891151092
54.6979443,3.37E-09,16208430660
110.2024681,4.61E-09,23886239304
83.33537217,5.42E-09,15371094885
169.3086351,1.13E-08,14953234159
96.85478577,1.20E-09,80471736816
70.55378871,2.80E-09,25240518085
76.09825155,2.40E-09,31703494827
50.79590765,5.56E-09,9143736514
72.69728332,8.32E-09,8740819890
110.8742892,1.02E-08,10844313954
76.17152381,2.98E-09,25565994050
92.51153805,3.83E-09,24146372261
137.5045629,7.83E-09,17566193996
98.49997084,6.27E-09,15718617926
53.89816494,5.15E-09,10468856218
99.16313444,3.99E-09,24825904749
100.1880628,1.11E-08,8986588721
60.79938726,5.54E-09,10969413796
79.63373237,8.63E-09,9225808526
85.32632081,3.28E-09,26038859357
51.2394182,7.90E-09,6489081309
54.56664288,3.32E-09,16456767820
80.93127873,3.04E-09,26626147098
40.75572774,4.51E-09,9031178201
106.6741521,1.94E-09,54909988947
46.53365321,1.10E-08,4234340017
55.29188515,9.06E-09,6105208957
100.6882287,8.42E-09,11954432532
47.73980125,4.75E-09,10045915743
54.93757337,6.68E-09,8220599987
50.36819034,2.14E-09,23513159664
95.47279051,4.42E-09,21613764508
78.76223623,7.52E-09,10466884102
87.14647183,7.77E-09,11214011251
72.40931415,1.03E-09,70246559718
78.64103856,6.01E-09,13087262953
58.44040104,8.75E-09,6675632016
98.72702509,1.09E-08,9087540959
142.1713353,6.20E-09,22939788690
108.2310554,5.01E-09,21601956463
77.83020977,5.98E-09,13024724900
54.47968629,6.90E-09,7894829805
101.2331553,2.38E-09,42572967394
109.7593977,6.14E-09,17878795769
86.05563508,8.89E-09,9683552691
92.5237079,3.82E-09,24244587549
79.8635938,3.07E-09,26033720278
52.5187588,3.05E-09,17232272598
90.02096386,5.91E-09,15232160964
63.60273249,8.16E-09,7793788990
102.9954334,3.11E-09,33153612760
68.01138788,8.93E-09,7619809363
104.5484202,4.48E-09,23340650549
91.82747644,9.09E-09,10097091314
113.6384797,3.03E-09,37474002213
95.45322401,8.19E-09,11659034512
60.63376494,1.85E-09,32708548390
90.83500876,9.51E-09,9552674697
69.92571967,3.94E-09,17746659493
89.90233276,1.09E-09,82426389058
88.28633792,8.69E-09,10156918744
68.85993938,6.53E-09,10547163963
129.5961935,9.88E-09,13115202519
106.2549376,5.53E-09,19210601192
106.8755311,8.60E-09,12422093222
78.11291166,7.93E-09,9853453541
88.56786118,8.54E-09,10372785023
113.180327,8.43E-09,13419363301
75.38232094,4.16E-09,18137166367
53.59507823,6.42E-09,8347546828
66.54721148,1.43E-09,46459349436
88.03408603,7.60E-09,11576431396
94.65380925,1.81E-09,52152701892
83.75783082,9.99E-09,8383771780
111.8501312,2.77E-09,40368946635
111.7363937,7.76E-09,14393370716
57.10072893,5.16E-09,11073928246
150.1176504,2.18E-09,68781971289
75.62312624,4.38E-09,17265451887
71.68695305,5.60E-09,12805366129
114.9388702,8.60E-09,13358983330
55.39716235,8.27E-09,6696119730
90.57213198,2.72E-09,33335037987
77.25855067,1.31E-09,58963529923
65.2568137,2.93E-09,22272342029
161.6194915,8.77E-09,18420952925
91.84187322,6.12E-09,15001529309
175.995015,3.30E-09,53293859515
101.3805115,4.24E-09,23920647957
54.34567746,7.74E-09,7024746897
72.31658375,9.26E-09,7812056061
149.0924756,9.36E-09,15933271066
95.40233777,9.57E-10,99671970167
123.8990588,8.80E-09,14073727880
60.29169249,1.75E-09,34442699467
52.37690846,4.37E-09,11985035944
36.14985763,2.47E-09,14612497287
89.98447653,3.55E-09,25313606553
63.59053764,4.45E-09,14274525837
80.32746353,2.60E-09,30927374705
178.220181,6.36E-09,28000340176
88.15719473,3.58E-09,24654935034
132.5686687,4.84E-09,27379937661
78.84680653,5.00E-09,15756502524
77.61878493,1.03E-09,75007471472
64.87715449,6.62E-09,9796205540
72.36509287,6.15E-09,11759828100
68.45481431,5.25E-09,13035658612
105.9711443,4.57E-09,23204276345
73.1076602,6.08E-09,12029207338
69.22602114,6.37E-09,10867745078
104.4613325,4.70E-09,22210531303
62.89802385,4.67E-09,13480969936
75.67791139,7.15E-09,10589385622
79.85303689,5.54E-09,14413994170
43.15121464,7.76E-09,5561702462
35.60298452,5.46E-09,6522174059
69.37553948,1.09E-08,6377572063
66.06003866,1.82E-09,36198525367
142.5111435,8.41E-09,16941330441
74.1826296,5.04E-09,14719181648
112.7988617,3.65E-09,30871817308
67.38122462,8.72E-09,7725149683
89.3185432,2.24E-09,39846694955
108.4115965,2.37E-09,45821678701
117.5669067,7.57E-09,15528820966
83.18592475,3.57E-09,23287314595
59.22632374,6.86E-09,8627572977
94.60226737,8.98E-09,10532125524
101.9876248,9.51E-09,10726810552
79.51814715,7.75E-09,10258010528
76.25272782,8.56E-09,8906759150
83.51543528,9.58E-09,8715506077
87.32005166,5.17E-09,16888302552
72.47797562,2.80E-09,25863423402
62.41292851,7.91E-09,7886083598
89.93072046,4.51E-09,19941557259
65.70815,4.25E-09,15457836613
46.57837103,1.14E-09,40966842590
121.6288163,1.01E-08,12042218073
121.3707759,3.34E-09,36331907907
40.63905397,7.11E-09,5719712116
65.51779688,3.06E-09,21423448310
75.94733314,4.30E-09,17682614964
107.2435096,2.61E-09,41060264136
114.4414969,1.03E-08,11142725702
72.20440633,5.37E-09,13455162354
60.0363908,1.06E-08,5656300227
57.67165637,4.72E-09,12228728833
91.62712348,1.15E-09,79708593764
79.4231041,2.95E-09,26948736400
85.74245809,3.46E-09,24773093242
68.55270538,3.90E-09,17572527471
51.61448545,2.23E-09,23163377987
74.97905422,4.37E-09,17138538244
76.14823498,7.18E-09,10602901914
56.75729162,8.63E-09,6573329885
101.7517765,8.49E-09,11989155652
70.44918054,2.05E-09,34302557055
72.7841914,8.25E-09,8825023006
107.0097833,2.01E-09,53154803072
59.95577125,8.34E-09,7190127377
86.01658912,4.04E-09,21291624380
91.89119663,4.84E-09,18993848080
62.81653401,2.83E-09,22223076215
107.9394176,5.17E-09,20858092921
145.9618704,1.57E-09,93260213330
120.3082789,6.32E-09,19022953325
83.43608939,3.26E-09,25614779081
83.19230952,5.01E-09,16614516378
62.9921197,5.17E-09,12186712251
79.5702216,6.84E-09,11631667797
73.22759282,5.37E-09,13633429172
116.9526686,4.72E-09,24775405428
58.27716786,9.48E-09,6148359298
59.62128209,1.51E-09,39612220229
89.2642502,2.82E-09,31668880687
48.45125427,2.02E-09,23960626212
88.45971034,5.19E-09,17031501264
116.0182231,6.92E-09,16765144792
62.28401189,1.09E-08,5697129830
81.33645509,1.07E-08,7576278368
124.4381565,7.05E-09,17647141572
116.6763687,5.74E-09,20341138734
116.8172165,3.14E-09,37182480641
101.6719639,9.97E-09,10198302032
108.976299,4.85E-09,22484820621
109.4665221,4.15E-09,26377168929
100.500711,5.44E-09,18466165545
45.63850023,6.26E-09,7288250819
36.14161654,2.73E-09,13236717305
123.4836896,8.80E-09,14031963958
62.52112784,9.36E-09,6679454580
78.37546289,6.82E-09,11486144081
165.1568058,7.95E-09,20767992101
78.21071147,1.46E-09,53465453173
71.42687232,2.83E-09,25196527894
85.90259072,6.21E-09,13824973720
171.4055274,4.77E-09,35945628541
69.57035548,5.92E-09,11753044244
29.60875185,2.46E-09,12044598526
150.1531183,4.29E-09,34969373745
83.19392785,7.20E-09,11561546566
101.4049037,9.03E-09,11225822224
80.00375732,8.10E-09,9872091165
72.09942454,1.89E-09,38165843298
72.74770593,8.91E-09,8164635020
79.44260334,1.59E-09,49919047391
75.76812991,4.38E-09,17281039399
125.5800414,9.89E-09,12694243008
74.63641862,1.07E-08,6957114573
64.92374739,9.95E-09,6525504818
90.84161338,8.74E-09,10394696819
66.03850128,3.55E-09,18593185464
47.03389921,7.75E-09,6066813520
88.44769968,1.86E-09,47597284459
96.33257716,1.07E-08,9000702999
73.27485877,9.23E-09,7938109366
109.9717065,2.36E-09,46520329119
105.8380883,5.08E-09,20842257843
81.52349184,9.39E-09,8682016968
95.72218143,5.62E-09,17026562861
71.20590255,1.74E-09,41024858167
128.2631018,7.33E-09,17492344050
129.9557115,6.06E-09,21443292453
80.73731933,9.04E-09,8928112082
124.5335962,9.12E-09,13656953746
88.45576179,8.10E-09,10914533798
59.61207553,8.10E-09,7355902420
135.8874215,1.94E-09,69997379760
125.2362641,7.00E-09,17896755077
93.39205497,6.39E-09,14612693417
76.73431167,4.85E-09,15810879514
143.7916968,2.97E-09,48437546568
64.58548732,9.13E-09,7077357802
69.78950694,2.32E-09,30038653573
106.1147829,7.36E-09,14415493877
48.21822721,1.95E-09,24705465095
73.98832997,7.21E-09,10258879563
73.83697426,1.27E-09,58256259768
80.28723932,4.50E-09,17822079477
78.54421174,9.43E-09,8329058145
104.2844826,2.52E-09,41449453817
93.47254968,8.68E-09,10768153328
71.71688936,3.13E-09,22885933018
68.34354667,7.79E-09,8773082991
57.32914144,6.68E-09,8587299432
61.90817864,5.00E-09,12390959275
82.6190218,1.01E-08,8197289961
65.64800114,5.00E-09,13138514801
78.24648154,3.18E-09,24633640300
98.34642234,9.73E-10,1.01056E+11
86.39157191,2.44E-09,35351430833
72.33764106,2.52E-09,28720341417
66.98370231,2.39E-09,27987667021
111.4693805,4.96E-09,22460287961
147.9766226,2.04E-09,72386947700
65.71982802,6.26E-09,10502439427
91.76468246,1.05E-08,8711657871
38.4368468,3.53E-09,10895723066
77.90666016,8.76E-09,8892008770
90.99862176,1.10E-08,8246002925
92.42792871,4.93E-09,18753256580
55.98923547,6.47E-09,8651866079
53.80820611,3.43E-09,15701421934
117.6834988,1.03E-09,1.14031E+11
63.32837326,8.13E-09,7789180987
96.76613643,8.79E-09,11011061768
66.11000769,3.41E-09,19382896720
65.32417097,6.98E-09,9354358081
117.0461772,7.12E-09,16434852858
66.89986515,5.87E-09,11388099578
82.09233137,3.96E-09,20705161699
212.9615144,4.08E-09,52156557061
82.76624081,8.05E-09,10287210481
58.04744247,7.79E-09,7451584864
80.68597051,4.45E-09,18141830659
80.20165724,2.88E-09,27856223512
71.12109817,5.01E-09,14193123739
122.6963932,1.20E-09,1.0183E+11
170.1221721,6.38E-09,26664109008
56.1102585,5.28E-09,10632792626
78.84457673,8.02E-09,9827189122
107.371935,2.74E-09,39127423904
97.59379891,1.45E-09,67154751251
87.71447569,9.75E-09,8999872660
57.19256446,8.66E-09,6606223586
55.80643834,5.69E-09,9810205259
88.93171565,3.95E-09,22492555098
157.3146893,5.08E-09,30958307313
79.6335376,6.55E-09,12152694434
95.0051683,8.98E-09,10582899978
102.8473145,4.63E-09,22217635106
43.1572907,5.74E-09,7512436393
57.67782074,6.08E-09,9493714591
71.36314256,8.14E-09,8763756774
47.08358019,4.12E-09,11434375665
59.23186719,1.57E-09,37692783432
84.04713016,4.61E-09,18233767237
99.48906613,6.36E-09,15653966355
77.58943902,1.04E-08,7427992780
95.25608011,3.93E-09,24259322382
65.9451407,2.99E-09,22030779818
82.16045197,7.29E-09,11265974457
66.49374822,4.14E-09,16045566894
71.88030127,8.97E-09,8015084281
216.7588597,8.31E-09,26070929449
59.31437471,3.94E-09,15061471210
79.74813005,5.79E-09,13784709801
88.07105508,3.14E-09,28087430279
157.7566502,1.84E-09,85514441179
89.29424289,2.04E-09,43801388769
69.23889869,8.94E-09,7742989858
101.9069912,1.36E-09,74700672360
145.566031,3.41E-09,42626841830
50.82385416,2.66E-09,19100840996
171.9498559,7.48E-09,22990074949
90.77432442,6.40E-09,14182498472
95.94343422,8.66E-09,11083862604
48.45106193,3.21E-09,15110218373
65.26618875,7.63E-09,8556823215
67.41988621,2.94E-09,22895612442
87.00462677,1.20E-09,72708239204
121.7009334,9.49E-09,12821569638
104.3307797,7.74E-09,13487146844
99.85958255,1.23E-09,81483457434
96.69698054,2.66E-09,36393958419
104.228277,6.17E-09,16892263374
56.95041091,8.81E-09,6464769210
89.97013911,8.46E-09,10640216889
97.47724311,8.58E-09,11362580919
69.01109908,3.33E-09,20751831159
73.1038571,6.33E-09,11544347984
97.94396167,2.17E-09,45204802435
101.2644838,7.54E-09,13422916472
82.83804478,7.88E-09,10518772707
122.9073122,2.97E-09,41374093489
95.96110959,7.19E-09,13338735671
89.75263164,6.70E-09,13405858266
99.33426334,3.15E-09,31557517680
69.32876754,4.23E-09,16379898053
75.67387716,3.17E-09,23902585353
75.0844214,1.49E-09,50231483890
106.6756532,2.81E-09,37896597755
68.09135174,3.68E-09,18502285085
87.82524883,8.44E-09,10407399440
80.85625727,7.36E-09,10989116728
79.15072299,3.88E-09,20410171509
89.7383343,3.87E-09,23170020839
75.07862556,5.78E-09,12983307252
121.0396303,7.31E-09,16567389829
65.45754873,1.23E-08,5306691785
54.82978579,5.37E-09,10207156895
46.16683304,4.31E-09,10707214078
92.20774573,7.36E-09,12520464190
63.39310764,6.53E-09,9708669347
60.20865124,7.30E-09,8249478892
124.8900305,5.44E-09,22954560097
60.89313807,1.12E-08,5424270818
99.34576287,1.27E-09,78382210801
108.3211797,8.79E-09,12327243337
99.0938933,1.55E-09,63819935419
65.15793201,3.80E-09,17130543593
78.68954456,3.02E-09,26087536360
115.1073248,6.99E-09,16469880776
88.59316343,1.65E-09,53540233866
111.4253223,1.30E-09,85525005055
139.4033201,8.70E-09,16017658463
93.77204985,5.98E-09,15673801972
61.73165124,1.65E-09,37385040783
44.68963048,4.25E-09,10506387192
66.7012855,6.11E-09,10918375698
92.07065587,3.62E-09,25431791534
109.7224227,2.23E-09,49291358315
123.6688753,1.79E-09,69149488106
61.69227626,3.79E-09,16258259366
82.94839561,3.14E-09,26428406108
75.78990603,3.84E-09,19723614553
78.5998532,6.30E-09,12468673800
58.73876569,6.54E-09,8987753817
81.17189161,5.23E-09,15524559934
95.937088,9.60E-09,9988802213
79.97551326,3.41E-09,23459951605
86.3625066,7.48E-09,11538481284
69.57824743,5.91E-09,11780042201
100.8976336,7.76E-09,13008022790
191.4436072,9.51E-09,20123211991
111.0159866,1.24E-09,89801877387
60.34322385,8.21E-09,7353553495
67.64071021,1.30E-09,51912957947
85.05093032,8.67E-09,9807220892
44.35072097,1.57E-09,28274995624
122.9015072,7.83E-09,15697187256
82.95549191,7.20E-09,11514431819
85.04679257,5.05E-09,16833870120
89.69105604,4.20E-09,21363120100
61.14272504,1.79E-09,34131278016
69.23180509,3.93E-09,17620521671
94.20362989,2.46E-09,38350256500
85.76347694,8.96E-09,9568001178
174.5913268,1.83E-09,95166951874
69.07699689,5.04E-09,13711501429
72.56107921,2.80E-09,25868950669
71.66204383,7.19E-09,9962972225
73.65215221,7.24E-09,10172662481
132.809063,1.09E-08,12160528381
96.17856398,3.32E-09,28981372689
98.85973004,4.36E-09,22692204848
42.17450482,3.94E-09,10695786387
93.27765278,9.83E-09,9486373316
142.6248967,2.21E-09,64562663420
112.6275459,3.58E-09,31451221306
58.20858003,9.82E-09,5927620072
84.68117123,3.89E-09,21746413583
65.47042935,3.22E-09,20360679345
69.38682163,8.10E-09,8568294848
64.71862583,5.66E-09,11431066694
75.25047698,8.18E-09,9200222803
101.9783986,8.72E-09,11697302764
84.40879567,3.40E-09,24841861881
48.90517466,2.62E-09,18655100040
67.23828435,5.14E-09,13075993635
45.43614115,5.84E-09,7775889927
123.4936336,6.85E-09,18025194862
51.7277631,9.67E-09,5349411364
49.56376537,6.01E-09,8253344678
57.66880027,9.25E-09,6232862251
149.8012083,5.73E-09,26159945778
88.16119527,1.07E-08,8256758095
59.51314637,5.36E-09,11101494398
64.43601271,8.53E-09,7557483060
101.6634267,6.75E-09,15058962126
74.39677432,1.98E-09,37481897344
95.45201335,6.57E-09,14520429107
78.16063835,3.60E-09,21682474782
101.531493,4.19E-09,24227456163
55.83407939,6.93E-09,8059712655
63.68121768,4.07E-09,15649959593
73.6062913,7.96E-09,9249514907
75.72247372,3.17E-09,23855052145
62.26063275,6.16E-09,10110109299
137.9117667,3.02E-09,45590902699
50.82807332,1.24E-09,40829136295
51.6758745,5.42E-09,9534217837
82.42403681,5.11E-09,16143095549
92.79141798,2.71E-09,34269142623
68.9623463,3.15E-09,21867304648
102.9904826,2.46E-09,41830324425
93.41340052,1.03E-08,9058758449
87.93324654,1.17E-09,75107353974
79.88537226,9.18E-09,8698724571
68.91168566,2.69E-09,25643960642
68.51450978,9.36E-09,7318741600
123.7613383,9.40E-09,13170226892
72.51228566,4.94E-09,14669090504
92.34705326,4.58E-09,20150664931
112.07588,4.77E-09,23495506644
76.09798403,3.15E-09,24158364947
66.27302283,3.58E-09,18501856297
105.3618077,2.76E-09,38116748976
131.3729307,2.23E-09,58989266268
48.540987,7.76E-09,6251918985
74.80905563,9.49E-09,7879665996
113.3996798,3.26E-09,34817537217
53.79258347,4.24E-09,12693368503
76.80647214,5.92E-09,12982303012
137.1637682,3.24E-09,42278694967
92.76823851,6.59E-09,14081568916
67.71315473,6.95E-09,9749896103
112.3642287,7.30E-09,15396196260
77.95606742,7.10E-09,10975437831
92.29214835,2.40E-09,38475405979
54.58686688,5.41E-09,10094046570
87.12030415,7.46E-09,11681483438
89.05926378,5.04E-09,17661516907
102.2785245,7.29E-09,14033320997
108.9402704,7.25E-09,15015935108
119.9837321,7.52E-09,15946053470
106.7150396,2.69E-09,39731953717
112.2012954,9.68E-09,11587310780
96.62662644,6.20E-09,15577429817
77.47234979,4.58E-09,16920519932
63.58153851,7.15E-09,8892714105
95.34684248,9.17E-09,10401780433
48.75212242,5.78E-09,8429814344
174.8820253,2.49E-09,70310471736
77.9758083,6.51E-09,11976547769
59.62877152,3.11E-09,19198396327
63.89727577,3.08E-09,20741187877
88.45506638,1.24E-09,71188297950
95.46320777,9.61E-10,99341516215
87.82313494,5.92E-09,14838637555
70.07028519,2.63E-09,26688182824
34.65960386,3.53E-09,9813716461
110.6836818,6.94E-09,15948172762
80.63669155,1.80E-09,44746867863
169.3976622,3.55E-09,47660081265
79.837314,1.04E-08,7643426473
90.32459046,2.35E-09,38364396517
99.51665701,1.27E-09,78658588491
44.05875554,2.29E-09,19238576732
90.49697156,7.65E-09,11822883653
121.0987153,1.01E-08,12024515550
45.67626829,8.81E-09,5182800460
55.11807668,3.85E-09,14312879484
77.38195334,2.51E-09,30863341718
122.9831462,6.15E-09,20002669876
67.65479972,9.65E-09,7007940939
86.75897423,4.79E-09,18131110998
56.04117555,3.02E-09,18536518546
73.38974076,1.96E-09,37381582006
108.5063853,6.62E-09,16401711153
57.91818788,1.09E-08,5323667184
96.49800526,1.55E-09,62177603382
67.77205337,3.69E-09,18382126551
77.65009882,3.08E-09,25234504292
90.98493418,4.69E-09,19417997197
166.0351762,8.67E-09,19158799960
87.65909453,2.30E-09,38157450898
66.04556392,2.22E-09,29708241983
67.49835468,5.45E-09,12376091704
89.59717393,7.36E-09,12170775403
94.31766138,5.56E-09,16953549079
39.48544978,2.06E-09,19197526011
124.0817469,5.79E-09,21421166055
46.16204675,1.02E-08,4544937687
66.91280721,6.27E-09,10671070676
76.05576647,4.02E-09,18916989239
78.50846401,7.85E-09,10004193339
73.65521024,5.56E-09,13248878213
87.04687555,8.71E-09,9988909837
111.3056901,9.36E-09,11895510238
87.30326377,2.72E-09,32093019965
42.21575034,8.63E-09,4893995168
64.82866121,1.31E-09,49376182393
51.59558961,9.82E-09,5255072274
78.7678977,1.04E-08,7571412252
79.29058684,2.61E-09,30342495732
105.7886122,1.33E-09,79338307209
70.1509425,4.21E-09,16673489960
79.04838237,2.37E-09,33378877871
66.22166519,7.28E-09,9092744544
109.4761559,1.71E-09,64153459550
49.09055256,3.45E-09,14236272819
90.51899396,3.03E-09,29827656542
67.15555052,3.53E-09,19031218752
71.58282178,1.26E-09,56603138735
45.14337604,6.67E-09,6767220235
86.91436058,1.09E-08,8004601320
53.38366063,2.40E-09,22287886672
130.0392117,2.38E-09,54661031751
71.37408724,6.97E-09,10245155245
51.30848953,7.72E-09,6645634578
73.91019766,1.96E-09,37648068213
81.79042558,4.88E-09,16763589963
51.26004512,1.83E-09,27942008028
63.88607957,3.79E-09,16835099091
73.82212219,3.71E-09,19901820809
118.1049761,5.97E-09,19787571932
131.5071328,3.26E-09,40351432282
59.40393741,7.97E-09,7452958303
118.1081189,2.13E-09,55321928200
71.38340864,5.85E-09,12210592018
189.8564646,3.14E-09,60437874296
60.76723271,1.06E-08,5757808413
74.01131395,4.57E-09,16182373940
112.7994969,3.93E-09,28713998040
51.07264371,9.44E-10,54124328089
72.91783554,2.63E-09,27704793071
93.34637372,7.07E-09,13198875280
61.07328933,2.21E-09,27618345153
80.96634415,4.76E-09,17014166092
58.28382225,1.03E-08,5664267307
67.91253418,7.73E-09,8781681317
68.62712959,5.73E-09,11974736518
92.57690645,8.72E-09,10615692205
57.26486117,2.64E-09,21695376603
79.20355357,8.98E-09,8822488120
107.2136114,2.93E-09,36581008537
97.61711767,7.39E-09,13215702639
114.3385955,8.34E-09,13702127186
76.59188688,3.97E-09,19304890701
90.71791765,6.21E-09,14606237848
61.4148637,3.83E-09,16054538204
54.98375914,6.51E-09,8446659683
86.3226897,4.02E-09,21477203849
63.61740683,4.18E-09,15216455042
45.63545165,7.93E-09,5755885330
74.06472462,6.48E-09,11438397107
69.83958954,2.01E-09,34781062463
129.4085408,1.05E-08,12296538793
121.8050002,6.28E-09,19399089720
46.38478627,5.35E-09,8676078499
88.9855461,5.90E-09,15082624481
95.73544293,3.04E-09,31519100388
87.96085807,6.32E-09,13911463095
135.6525475,5.65E-09,24011759287
64.10302531,7.57E-09,8469269687
55.89681481,7.86E-09,7108831482
46.62065687,1.01E-08,4615605901
58.73997009,6.19E-09,9486370152
81.07301625,2.86E-09,28389426206
128.3686411,6.90E-09,18602621616
93.90916165,3.10E-09,30262718365
36.04699972,1.26E-08,2855536584
108.9708375,7.70E-09,14144561501
83.09372224,1.69E-09,49239307187
60.08313478,7.98E-09,7533782108
61.45049898,4.22E-09,14548028879
72.71665407,6.64E-09,10951562093
79.10135561,2.08E-09,38020691363
109.664506,2.72E-09,40340286065
68.88108343,2.79E-09,24715879943
78.92571853,8.92E-09,8844501025
92.14039954,5.31E-09,17360103466
65.29870521,3.51E-09,18616852084
77.72212725,4.43E-09,17542928458
68.16482388,9.06E-09,7520277260
134.2979218,8.53E-09,15749509065
98.43025793,9.05E-09,10879012243
77.93808256,7.15E-09,10896059420
83.03739772,7.92E-09,10483838796
58.90541569,3.32E-09,17721901602
64.77648805,1.09E-08,5948865663
87.97480037,2.46E-09,35828039298
111.3803598,6.43E-09,17327509681
84.77733365,1.61E-09,52598218954
61.1843644,5.92E-09,10342395063
93.75250798,4.00E-09,23459753590
161.1438874,3.76E-09,42824829600
112.5828924,3.31E-09,33977849022
124.2741988,6.35E-09,19577516041
121.185502,8.30E-09,14593114148
75.04978577,1.37E-09,54902519878
101.234385,3.70E-09,27359845619
96.11457685,8.70E-09,11042344118
65.84271342,6.15E-09,10699798814
48.24793764,1.59E-09,30367368336
68.55808082,5.13E-09,13360974487
70.41309871,5.88E-09,11968563188
57.51022321,9.55E-09,6018999480
54.0594852,4.02E-09,13461562170
75.36436821,8.71E-09,8650940493
71.46066814,1.92E-09,37128763029
75.36654023,3.24E-09,23238715343
35.97036692,8.58E-09,4191595354
108.7785847,9.56E-09,11380381180
98.102225,2.97E-09,33019337465
63.32428751,9.87E-09,6416094461
94.63394187,4.88E-09,19406211906
50.85247203,3.44E-09,14797548151
103.9900801,9.03E-09,11517731935
85.10184512,2.11E-09,40391431077
63.5615526,4.16E-09,15271008264
69.91948643,1.05E-08,6678279703
76.13889542,2.93E-09,25960546072
65.11254551,9.37E-09,6946946998
141.2112929,5.79E-09,24397466999
91.96186662,6.76E-09,13599147654
95.14559657,7.77E-09,12247742701
68.28991499,3.47E-09,19670353821
95.78556358,1.70E-09,56302507297
59.24174033,1.02E-09,57823600153
30.10540893,9.62E-09,3130184717
100.5921574,9.34E-09,10767338907
76.99511784,5.77E-09,13346845683
86.65659776,5.22E-09,16597211821
89.25510574,7.88E-09,11329296748
69.27171261,1.05E-08,6588721591
110.2443304,8.48E-09,12997477820
59.31654825,3.57E-09,16603353715
70.74087385,7.71E-09,9180199674
73.20188573,7.93E-09,9236179463
76.00881178,4.44E-09,17128928442
104.0036741,6.72E-09,15487734020
96.01177507,5.48E-09,17517412017
50.33394079,9.66E-09,5209346137
78.95546038,1.92E-09,41073184675
86.0882699,9.67E-09,8906925449
89.92646513,1.06E-08,8463306736
48.29647866,7.30E-09,6613543548
104.4486625,8.02E-09,13028172996
78.81087864,3.43E-09,22974263390
55.88043451,2.26E-09,24753458999
68.85276703,2.80E-09,24577204923
109.2020705,2.86E-09,38243094169
79.57904785,6.20E-09,12839947947
71.11209646,3.78E-09,18815232631
80.72460081,1.28E-09,63283776555
154.4659263,4.89E-09,31576610075
86.76219982,1.00E-08,8644203989
67.91302559,7.22E-09,9408285112
66.50232969,1.62E-09,41064680518
65.96731945,2.80E-09,23565846353
108.2563917,5.76E-09,18794964714
90.04188759,1.12E-08,8026986199
56.49342782,5.40E-09,10464181371
41.70596539,6.04E-09,6900422022
84.07282647,6.59E-09,12759981295
52.42571488,1.41E-09,37194971615
94.72691823,7.55E-09,12554280324
53.62172239,8.24E-09,6508998556
76.8789292,2.70E-09,28472297726
74.30491483,1.46E-09,50907778550
75.88940804,6.00E-09,12651913394
81.14292643,7.77E-09,10438608844
100.0193205,4.04E-09,24756608792
90.40797882,5.75E-09,15733562915
98.2271133,4.04E-09,24311695047
64.86095844,7.93E-09,8183008381
108.3993256,8.43E-09,12853383660
84.18131048,1.10E-08,7679065076
86.91732466,8.21E-09,10589819275
70.22396258,6.95E-09,10102367709
76.2350968,2.43E-09,31376197971
81.91246378,7.67E-09,10681834712
109.1838482,6.30E-09,17321639272
36.78855448,8.36E-09,4399426399
43.99728767,6.31E-09,6974028192
82.52610612,4.68E-09,17617831377
115.4413796,1.12E-08,10266306136
71.75454153,2.23E-09,32198336410
60.71968231,7.13E-09,8520619641
62.22244723,2.23E-09,27886054731
67.62562131,6.41E-09,10552388801
63.78910554,8.81E-09,7239003327
84.40287508,9.44E-09,8940792849
37.82617757,5.61E-09,6748496058
37.92636006,1.32E-09,28700145276
97.56032554,4.81E-09,20300032789
112.3026427,5.33E-09,21061581469
51.7842105,1.30E-09,39938266549
81.33178877,8.06E-09,10093976194
55.98185813,1.25E-09,44630776478
89.7898671,7.09E-09,12664747278
68.43400463,8.13E-09,8418540847
93.2188617,1.84E-09,50777441067
84.38063908,3.29E-09,25626564461
116.973824,4.29E-09,27248311748
68.63800204,4.79E-09,14334113471
93.68961946,4.21E-09,22271047027
108.3937761,1.78E-09,61063784533
120.7366215,5.56E-09,21729315952
57.22427796,9.37E-09,6106220509
68.70924257,7.08E-09,9701047995
59.30680757,8.67E-09,6838885156
76.3591189,9.60E-09,7951281531
170.2586447,3.05E-09,55815590204
71.95926203,1.98E-09,36394957866
50.51428664,1.69E-09,29865779421
100.0866521,2.67E-09,37429239811
108.455442,9.23E-09,11747945700
70.93358541,3.95E-09,17980319922
100.6168385,7.63E-09,13191679800
77.46184823,6.68E-09,11595433672
125.2661781,6.61E-09,18954808953
91.39283205,3.57E-09,25611193051
45.46698043,9.52E-09,4773925287
138.8921231,9.07E-09,15316152479
141.3177959,2.51E-09,56200598460
79.88802273,4.26E-09,18755209959
54.55761211,2.93E-09,18621073489
184.4878535,1.24E-08,14881973197
128.7147814,1.84E-09,70060398504
120.3293654,5.42E-09,22199609600
117.999736,6.00E-09,19651447988
116.7110249,1.82E-09,64102725790
72.73855154,1.23E-08,5898781155
39.44444463,2.01E-09,19591656431
75.4544795,1.19E-09,63194973127
67.18797487,2.04E-09,33009081922
102.7032509,3.33E-09,30806765228
251.2463783,4.87E-09,51602359715
41.22904884,5.31E-09,7759262484
100.6605514,9.24E-09,10896556886
93.24107899,7.50E-09,12426465717
46.82125529,1.95E-09,24062888644
98.2239377,7.55E-09,13003589074
124.0699386,5.95E-09,20839893318
74.07853603,9.06E-09,8176248805
103.6433153,3.24E-09,32010418564
51.25786466,5.65E-09,9065142662
108.9446017,2.41E-09,45177736316
86.27743869,7.56E-09,11412091821
87.40814301,5.85E-09,14952448660
81.84263975,3.11E-09,26319162691
55.15039613,6.53E-09,8446916954
113.2453396,1.20E-08,9435769837
70.13512577,6.35E-09,11047478072
92.39771085,2.42E-09,38215980263
55.77683887,4.13E-09,13517124069
120.6359763,6.53E-09,18475866269
66.34474131,3.35E-09,19796017607
48.37913684,1.46E-09,33219308772
58.03597446,7.49E-09,7748682507
155.8901491,3.65E-09,42673933035
163.1862233,2.71E-09,60217678778
67.26241756,9.90E-09,6796409799
86.4864344,6.46E-09,13378895115
50.12932091,2.06E-09,24301425924
118.2611685,2.40E-09,49305006233
85.07335664,3.55E-09,23944314194
95.39774943,3.38E-09,28186316282
89.95964018,8.87E-09,10140771787
90.4836163,1.38E-09,65548077657
51.04474898,7.13E-09,7164167090
56.15338106,2.26E-09,24814212407
63.53090466,6.74E-09,9431182928
89.63432211,3.30E-09,27154812810
89.31300263,3.85E-09,23194597880
48.11995343,4.24E-09,11354060403
141.5579457,1.80E-09,78687756267
38.75867399,7.46E-09,5196609634
86.53258136,2.21E-09,39133555020
53.75209243,7.75E-09,6939947730
42.82384897,2.87E-09,14905312082
72.21355258,9.78E-09,7381577349
58.20725416,9.98E-09,5830665194
79.35583877,8.17E-09,9712428181
42.08395025,6.82E-09,6168717111
86.183746,1.58E-09,54550460242
111.4863891,6.49E-09,17187207981
48.70796831,4.87E-09,9994886126
56.62855739,3.43E-09,16529622830
79.81598013,6.41E-09,12442723828
124.387466,6.59E-09,18878841405
63.21097793,6.40E-09,9879123900
142.1081736,4.28E-09,33208529924
86.07536643,6.73E-09,12793650182
63.56199483,4.83E-09,13163255692
71.98418913,2.84E-09,25342418464
69.01599264,6.75E-09,10225219834
79.04218587,3.30E-09,23946051962
87.8993023,3.79E-09,23222859035
79.31354502,9.08E-09,8735083875
106.8167065,1.21E-09,87990007035
51.28044467,9.62E-09,5330654504
60.66881158,5.48E-09,11070561529
98.28703536,1.29E-09,76260647312
59.71061418,6.08E-09,9819508859
70.03897049,1.31E-09,53332005501
70.00413557,5.75E-09,12166748610
88.50842762,4.61E-09,19200997653
65.94596934,7.50E-09,8795851680
55.79202024,1.59E-09,35175142185
138.0737243,8.07E-09,17110461181
102.661462,6.44E-09,15933531897
75.34165062,8.36E-09,9012401234
102.4418113,9.29E-09,11032333734
70.43326944,6.32E-09,11151663599
74.86775623,8.89E-09,8417962197
90.98427685,2.58E-09,35271692655
55.37916572,3.67E-09,15086727849
75.12337648,4.38E-09,17159591531
95.48549558,3.39E-09,28204171072
105.6017458,9.74E-09,10838729875
78.10371554,8.98E-09,8693371508
86.76753874,3.31E-09,26245530528
94.73552657,3.44E-09,27504861687
40.29781191,2.95E-09,13640027669
59.13020161,6.16E-09,9599958819
57.78760848,2.42E-09,23840128401
93.32081694,9.02E-09,10342177553
48.39458279,9.27E-09,5220749336
115.7707683,1.09E-09,1.06243E+11
84.29947018,7.06E-09,11948161378
74.24976907,3.35E-09,22188045828
70.15866583,6.00E-09,11684546061
89.88352983,1.55E-09,58009454119
40.83062144,3.32E-09,12309053343
67.5430494,6.87E-09,9837319723
88.46313803,7.67E-09,11528581358
66.23154513,1.43E-09,46267025165
65.60732329,2.04E-09,32213617255
98.6533056,1.38E-09,71582125792
130.2159145,5.22E-09,24932136386
71.76372827,3.57E-09,20076926405
109.6475321,7.51E-09,14601236345
106.2724728,2.72E-09,39047952399
75.27342168,9.16E-09,8215468219
72.75615325,5.35E-09,13598959063
53.97943662,9.83E-09,5489177106
87.63950609,4.95E-09,17716315467
81.2615791,5.29E-09,15362238831
102.0245365,1.01E-08,10076932566
81.61142036,8.36E-09,9764783875
107.8619919,2.68E-09,40298371768
76.33494876,4.67E-09,16358794593
97.37134296,5.46E-09,17831188108
144.3267947,2.15E-09,67213670355
58.21081917,9.50E-09,6124970210
90.4012319,3.43E-09,26392580432
96.35295978,1.41E-09,68101667201
83.41937491,3.28E-09,25411374466
67.98029518,6.97E-09,9749251392
100.1598409,1.75E-09,57147204962
47.30654897,4.60E-09,10283461105
80.61444255,4.76E-09,16929269859
61.80680412,3.39E-09,18239447540
93.17568437,2.77E-09,33675667055
127.6428907,1.63E-09,78341321870
90.26757323,1.16E-09,77920149356
108.978837,4.78E-09,22790972891
72.78447154,3.34E-09,21797694160
83.8893819,7.47E-09,11226218003
109.2967197,7.86E-09,13913544877
91.09718505,3.60E-09,25313959282
98.32167133,2.89E-09,34057364333
103.5733858,9.56E-09,10837205506
91.93643484,4.00E-09,23003674805
73.62515719,4.48E-09,16433240084
98.41488607,8.44E-09,11654549108
66.86616373,7.08E-09,9439800438
115.4951771,9.16E-09,12607803097
78.33790284,3.02E-09,25917780215
60.47674266,4.22E-09,14338770522
69.56701967,2.54E-09,27369577816
105.960675,1.55E-09,68550559728
124.7561496,6.81E-09,18319594089
35.10899953,8.92E-09,3934459684
69.33707634,6.50E-09,10669625441
52.69277287,5.63E-09,9358914346
72.93587905,2.19E-09,33247049813
71.84150426,5.27E-09,13638545630
66.33520538,6.69E-09,9922569388
84.75552257,8.59E-09,9862262328
60.79205712,4.10E-09,14811802796
83.6469666,3.26E-09,25657326786
86.05634101,2.97E-09,29006607119
73.73765377,6.38E-09,11561784164
79.9022768,4.86E-09,16446389082
130.9152841,6.89E-09,18997828910
62.73798639,3.71E-09,16924445965
92.27963491,5.37E-09,17198647776
73.55960006,7.73E-09,9510800419
81.81362386,8.20E-09,9977545038
62.28278209,2.03E-09,30727010763
54.74473199,8.19E-09,6680755302
123.6430837,7.80E-09,15861338431
87.28304861,3.29E-09,26518387088
71.7866378,3.57E-09,20122839923
98.97221405,5.45E-09,18152307604
95.17001644,1.29E-09,73619056386
49.17629748,4.18E-09,11753563733
52.02895901,8.66E-09,6006426886
111.1186035,6.39E-09,17379653804
103.8920892,2.20E-09,47196084525
75.54604195,7.57E-09,9985246037
73.01804985,1.58E-09,46162791802
74.70420442,3.96E-09,18854171257
77.42033573,7.28E-09,10636986415
80.89764326,3.14E-09,25773044955
64.50707822,6.67E-09,9674336515
89.63908714,4.96E-09,18059274785
58.68268932,8.27E-09,7093523378
55.36002255,5.40E-09,10243738722
122.034614,3.20E-09,38159415354
61.22390291,6.92E-09,8853087082
101.3090057,2.30E-09,44016548265
84.33577109,5.31E-09,15884834225
59.86350494,3.67E-09,16293522631
136.363054,1.05E-08,12929238468
42.86601751,1.07E-09,40014993094
110.2425858,6.75E-09,16338041033
175.0294759,2.07E-09,84645240740
111.6176726,7.51E-09,14854007589
89.14965734,2.42E-09,36886630168
65.81501388,1.81E-09,36312885296
114.2478733,6.48E-09,17639111005
67.10172074,5.47E-09,12261920798
45.00060904,3.77E-09,11948521465
76.71267399,6.72E-09,11407371792
70.14370115,3.85E-09,18238627258
60.04728273,2.10E-09,28595450604
51.4702262,7.52E-09,6843149750
73.15681437,2.60E-09,28150016316
106.237314,6.29E-09,16901990260
52.35822061,2.73E-09,19144159076
72.13984668,9.44E-09,7639210921
110.715022,5.34E-09,20728882035
62.72860672,3.05E-09,20545037519
81.88426461,9.66E-09,8473150822
84.64191923,4.98E-09,16985990467
115.8348918,3.99E-09,29067033818
84.64801167,2.83E-09,29963889626
54.59149667,1.05E-08,5189199809
64.17913067,5.29E-09,12129326729
70.29676148,8.92E-09,7878330378
85.5638817,4.29E-09,19935711930
68.29749465,8.73E-09,7823318490
75.93228837,6.66E-09,11404565032
91.17695103,9.08E-09,10041283406
97.23675763,8.28E-09,11740702491
121.1482621,4.22E-09,28731539654
69.69806245,2.50E-09,27877912051
107.9139133,8.25E-09,13079199230
71.67167168,8.24E-09,8699356362
86.77348711,7.20E-09,12044280736
77.44106364,4.61E-09,16803804917
85.02789479,3.76E-09,22638380703
75.81937842,9.44E-09,8029110600
85.88610374,1.00E-08,8552294749
73.25059864,5.60E-09,13084457575
100.381106,3.05E-09,32937950571
65.61173588,3.03E-09,21658452567
55.4354521,8.16E-09,6792806767
41.65379647,3.12E-09,13367045458
129.7174369,4.41E-09,29390101839
74.36350953,1.26E-09,59220919021
90.00382963,7.11E-09,12664615533
130.5957646,6.52E-09,20029508444
117.547774,1.23E-08,9585615372
46.47609828,2.81E-09,16543106837
134.8371849,2.82E-09,47741901262
123.1939876,5.43E-09,22687932803
120.0308953,4.04E-09,29693974929
96.46268656,2.87E-09,33651425799
69.45060403,8.72E-09,7965752781
63.52110312,7.12E-09,8917453387
71.69611165,4.94E-09,14519377750
58.30920406,2.48E-09,23500731242
106.6029275,1.66E-09,64361267017
89.66818525,2.64E-09,33970916150
91.38115654,4.13E-09,22147070505
83.32026733,1.11E-08,7492373837
72.45142346,1.95E-09,37088509401
100.926594,1.82E-09,55515017112
86.20307967,8.19E-09,10521172383
128.9577169,3.57E-09,36168585532
91.77171084,1.60E-09,57200698109
54.63794602,7.14E-09,7647909021
75.33470291,3.25E-09,23203922942
89.84190864,5.77E-09,15558081784
103.4997737,1.00E-08,10309697668
78.32840585,5.57E-09,14058426752
101.4351049,6.15E-09,16498584263
49.8711786,5.30E-09,9410992041
103.7603117,2.67E-09,38859502359
77.13910777,1.34E-09,57366652080
56.77096157,3.09E-09,18351297639
88.78739533,4.56E-09,19482442409
82.5987713,4.57E-09,18084382647
94.00899781,5.56E-09,16919373064
35.56680758,9.07E-09,3920371825
89.43275317,1.02E-08,8805036073
55.5554782,4.03E-09,13772373753
79.97222158,3.24E-09,24646671395
99.29644611,3.01E-09,32988879470
55.57262564,2.48E-09,22390357801
75.99655351,8.35E-09,9096257251
59.21584962,8.12E-09,7292561546
138.3007061,3.46E-09,39972493527
106.7349525,4.99E-09,21410884825
88.18877693,4.67E-09,18876331587
70.64773371,4.23E-09,16710561102
65.16430628,9.79E-09,6658356642
65.45743225,7.25E-09,9034227672
185.5258029,3.19E-09,58076213924
78.53290138,2.96E-09,26518220891
70.34439,5.48E-09,12847655920
73.84098815,9.25E-09,7986283714
67.86267269,4.85E-09,14002732998
45.07696942,6.98E-09,6456738592
109.0674075,1.48E-09,73479119964
95.21637413,6.21E-09,15334357021
94.54666523,1.28E-09,73653655810
93.23143008,5.55E-09,16791367188
57.32334973,5.34E-09,10740672815
118.4120244,1.98E-09,59679433817
53.88425533,8.53E-09,6315443769
115.0001892,7.31E-09,15739116432
59.23367711,1.42E-09,41769961696
51.1836215,8.64E-09,5926905320
71.97961537,3.31E-09,21743124359
116.5734759,4.91E-09,23719331008
82.07040456,9.78E-09,8393177611
128.8347749,3.61E-09,35702647009
52.3492728,5.96E-09,8782721428
49.40665201,4.76E-09,10383927391
93.38947876,1.27E-09,73404298353
112.7559737,7.81E-09,14446094982
63.11234933,5.90E-09,10688396577
133.4592357,3.04E-09,43874364177
75.41709001,3.01E-09,25028691573
150.4182113,1.12E-08,13423889615
122.5872751,7.65E-09,16017363198
68.73793272,3.06E-09,22432770280
45.28291861,7.56E-09,5990171505
86.73303197,1.60E-09,54331323845
125.2635494,3.98E-09,31459317504
97.09789219,8.43E-09,11516884539
123.7640839,5.90E-09,20973334572
77.36730467,3.17E-09,24384535995
52.97855893,1.44E-09,36693044461
81.97309322,9.26E-09,8849203401
80.99460961,8.82E-09,9186002865
60.84239062,6.55E-09,9286829706
139.8269209,4.84E-09,28862312824
63.93181522,1.28E-09,50098027400
85.30889792,4.30E-09,19844145900
94.8909449,4.79E-09,19806432264
74.89718254,3.58E-09,20924128340
88.18738668,1.18E-09,74580364454
162.3250745,1.17E-09,1.39216E+11
65.98664866,7.45E-09,8857027374
43.96872437,8.92E-09,4928822004
97.69913085,7.91E-09,12348858551
98.75510131,6.59E-09,14988400925
125.5201314,1.56E-09,80544077307
96.62328564,8.51E-09,11359002411
119.2595335,4.85E-09,24593155508
52.23479127,8.71E-09,5998709809
67.1919239,6.35E-09,10588712082
45.42338678,3.26E-09,13934185862
66.39096489,5.54E-09,11992494424
70.31434471,3.30E-09,21275462532
77.20837541,3.84E-09,20110329859
73.90280504,6.12E-09,12084415515
96.27808234,4.09E-09,23537814478
51.88832368,4.93E-09,10525287799
50.42988423,2.14E-09,23590348893
95.62377126,8.97E-09,10657970422
80.95387018,5.94E-09,13628362199
69.42179974,5.86E-09,11854762756
101.2566728,5.34E-09,18947625489
48.78359341,6.86E-09,7113648435
57.09845956,9.74E-09,5864577933
86.22688685,4.83E-09,17844263017
100.5957311,1.08E-08,9322120033
78.4187077,7.22E-09,10859198150
68.93711773,1.39E-09,49490801865
66.63808832,4.44E-09,15020463631
73.34087409,1.43E-09,51318181545
75.28851125,6.48E-09,11626059360
123.8033228,7.05E-09,17569520289
67.9906372,9.06E-09,7504453556
89.48977368,2.15E-09,41697088016
71.67016392,7.93E-09,9035500168
49.7679134,2.93E-09,16987426270
68.22287868,7.03E-09,9709857820
